brand,image_path
Vans,vans/1.jpg
Vans,vans/2.jpg
Vans,vans/3.jpg
Vans,vans/4.jpg
Vans,vans/5.jpg
Vans,vans/6.jpg
Vans,vans/7.jpg
Vans,vans/8.jpg
Vans,vans/9.jpg
Vans,vans/10.jpg
Vans,vans/11.jpg
Vans,vans/12.jpg
Vans,vans/13.jpg
Vans,vans/14.jpg
Vans,vans/15.jpg
Vans,vans/16.jpg
Vans,vans/17.jpg
Vans,vans/18.jpg
Vans,vans/20.jpg
Vans,vans/21.jpg
Vans,vans/22.jpg
Vans,vans/19.jpg
Nike,nike/1.jpg
Nike,nike/2.jpg
Nike,nike/3.jpg
Nike,nike/4.jpg
Nike,nike/5.jpg
Nike,nike/6.jpg
Nike,nike/7.jpg
Nike,nike/8.jpg
Nike,nike/9.jpg
Nike,nike/10.jpg
Nike,nike/11.jpg
Nike,nike/Nike Air Force 1 Low/1.jpg
Nike,nike/Nike Air Force 1 Low/2.jpg
Nike,nike/Nike Air Force 1 Low/3.jpg
Nike,nike/Nike Air Force 1 Low/4.jpg
Nike,nike/Nike Air Force 1 Low/5.jpg
Nike,nike/Nike Air Force 1 Low/6.jpg
Nike,nike/Nike Air Force 1 Low/7.jpg
Nike,nike/Nike Air Force 1 Low/8.jpg
Nike,nike/Nike Air Force 1 Low/9.jpg
Nike,nike/Nike Air Max 90/1.jpg
Nike,nike/Nike Air Max 90/2.jpg
Nike,nike/Nike Air Max 90/3.jpg
Nike,nike/Nike Air Max 90/4.jpg
Nike,nike/Nike Air Max 90/5.jpg
Nike,nike/Nike Air Max 90/6.jpg
Nike,nike/Nike Air Max 90/7.jpg
Nike,nike/Nike Air Max 90/8.jpg
Nike,nike/Nike Air Max 90/9.jpg
Nike,nike/Nike Air Max 90/10.jpg
Nike,nike/Nike Air Max 90/11.jpg
Nike,nike/Nike Air Max 90/12.jpg
Nike,nike/Nike Air Max 90/13.jpg
Nike,nike/Nike Air Max 90/14.jpg
Nike,nike/Nike Air Max 90/15.jpg
Nike,nike/Nike Air Max 90/16.jpg
Nike,nike/Nike Air Max 90/17.jpg
Nike,nike/Nike Air Max 90/18.jpg
Nike,nike/Nike Air Max 90/19.jpg
Nike,nike/Nike Air Max 90/20.jpg
Nike,nike/Nike Air Max 90/21.jpg
Nike,nike/Nike Air Max 90/22.jpg
Nike,nike/Nike Air Max 90/23.jpg
Nike,nike/Nike Air Max 90/24.jpg
Nike,nike/Nike Air Max 90/25.jpg
Nike,nike/Nike Air Max 90/26.jpg
Nike,nike/Nike Air Max 90/27.jpg
Nike,nike/Nike Air Max 90/28.jpg
Nike,nike/Nike Air Max 90/29.jpg
Nike,nike/Nike Air Max 90/30.jpg
Nike,nike/Nike Blazer Low/1.jpg
Nike,nike/Nike Blazer Low/2.jpg
Nike,nike/Nike Blazer Low/3.jpg
Nike,nike/Nike Blazer Low/4.jpg
Nike,nike/Nike Blazer Low/5.jpg
Nike,nike/Nike Blazer Low/6.jpg
Nike,nike/Nike Blazer Low/7.jpg
Nike,nike/Nike Blazer Low/8.jpg
Nike,nike/Nike Book 1/1.jpg
Nike,nike/Nike Book 1/2.jpg
Nike,nike/Nike Book 1/3.jpg
Nike,nike/Nike Vaporfly 3/1.jpg
Nike,nike/Nike Vaporfly 3/2.jpg
Nike,nike/Nike Vaporfly 3/3.jpg
Nike,nike/Nike Vaporfly 3/4.jpg
Nike,nike/Nike Vaporfly 3/5.jpg
Nike,nike/Nike Vaporfly 3/6.jpg
Nike,nike/Nike Vaporfly 3/7.jpg
Nike,nike/Nike Vaporfly 3/8.jpg
Nike,nike/Nike Vaporfly 3/9.jpg
Nike,nike/Nike Vaporfly 3/10.jpg
Nike,nike/Nike Vaporfly 3/12.jpg
Nike,nike/Nike Vaporfly 3/13.jpg
Nike,nike/Nike Vaporfly 3/14.jpg
Nike,nike/Nike Vaporfly 3/15.jpg
Nike,nike/Nike Vaporfly 3/16.jpg
Nike,nike/Nike Vaporfly 3/17.jpg
Nike,nike/Nike Vaporfly 3/18.jpg
Converse,converse/1.jpg
Converse,converse/2.jpg
Converse,converse/3.jpg
Converse,converse/4.jpg
Converse,converse/5.jpg
Converse,converse/6.jpg
Converse,converse/7.jpg
Converse,converse/8.jpg
Converse,converse/9.jpg
Converse,converse/10.jpg
Converse,converse/11.jpg
Converse,converse/12.jpg
Converse,converse/13.jpg
Converse,converse/14.jpg
Converse,converse/15.jpg
Converse,converse/16.jpg
Converse,converse/17.jpg
Timberland,timberland/1.jpg
Timberland,timberland/2.jpg
Timberland,timberland/3.jpg
Timberland,timberland/4.jpg
Timberland,timberland/5.jpg
Timberland,timberland/6.jpg
Timberland,timberland/7.jpg
Timberland,timberland/8.jpg
Timberland,timberland/9.jpg
Timberland,timberland/10.jpg
